Statistic,LengthInf,LengthSup,LengthBase,CosAngle+1,SinAngle+1,Area,Height
Mean,10.298328262708875,10.298328266980933,16.191402036681946,0.9111288100905589,1.4769135434165774,63.63236895118336,5.208304941684636
Std,10.24855443524238,10.248554435242369,13.397167041309755,0.2740849630741719,0.8303811281184377,216.06682990477117,4.716542567867925
Max,284.81585693359375,284.81585693359375,323.0116271972656,1.9999983310699463,2.0,21695.896484375,134.3350830078125
Min,0.008071007207036018,0.008071007207036018,0.38009315729141235,1.5258349321811693e-06,3.3306690738754696e-16,0.0003369816695339978,9.806985326576978e-05
