Statistic,LengthInf,LengthSup,LengthBase,CosAngle+1,SinAngle+1,Area,Height
Mean,10.374920282275285,10.374920312065825,16.23957704456153,0.9189605826701484,1.4821648910665235,69.02311080269973,5.329784903072437
Std,10.329410583271308,10.329410583271288,13.528824806509586,0.26334507942616125,0.8316243164769352,305.0580470354889,5.156359002140372
Max,213.61888122558594,213.61888122558594,293.79083251953125,1.9999958276748657,2.0,21542.65234375,146.6529998779297
Min,0.010959251783788204,0.010959251783788204,0.09303449094295502,1.5252256844178191e-06,1.2212453270876722e-15,0.0007457746542058885,0.0007294351817108691
